date,TWTR,COTY,PG,MU,ORCL,WMT,SBUX,KEY,GM,NLSN,CVS,V,ABT,CTL,HPE,AAPL,QCOM,KO,NVDA,DAL,T,NFLX,MDT,AAL,CELG,SLB,M,CMCSA,NEM,MDLZ,AXP,APC,CVX,VZ,AMD,FB,PFE,AMAT,BMY,FISV,F,EA,WBA,CNC,HAL,TGT,FE,FCX,SYMC,DIS,INTC,EXC,HES,KMI,BAC,TJX,MS,MO,JPM,BK,CAG,GE,WFC,BA,LOW,XOM,ATVI,BHGE,HBAN,EBAY,MSFT,FITB,DVN,WDC,MRK,RF,SCHW,WU,MPC,COG,C,MRO,CSCO,KHC,HPQ,COP,LUV,PYPL,EOG,news
2018-06-01,36.65,13.11,73.45,58.74,47.35,82.99,56.91,19.75,43.2,29.83,64.07,130.85,62.41,17.74,15.53,190.24,58.61,43.12,257.62,54.42,32.47,359.93,87.83,44.0,79.04,68.96,35.56,31.26,38.64,39.56,98.25,71.05,123.85,47.81,14.4,193.99,36.25,52.24,53.13,73.33,11.71,135.69,62.86,58.79,49.08,72.8,34.2,17.12,21.02,99.36,57.08,40.99,61.8,16.9,29.4,45.21,51.21,55.72,108.4,55.35,36.94,14.1,54.69,356.72,95.83,81.83,73.03,34.93,15.19,38.34,100.79,30.76,41.4,85.87,60.56,18.59,56.73,20.06,81.92,23.03,67.28,21.52,43.66,57.65,22.68,68.29,50.96,83.25,118.35,"{'JPM': 1, 'AAPL': 0, 'BAC': 0}"
2018-06-04,37.88,13.41,74.18,59.1,47.32,85.42,57.07,19.9,43.78,29.99,64.1,133.07,63.02,17.64,15.54,191.83,58.71,43.49,264.85,55.19,32.41,361.81,87.52,44.86,78.65,69.07,37.1,31.29,38.25,39.78,99.45,69.34,122.26,47.82,14.85,193.28,36.45,52.29,51.45,74.26,11.74,134.66,63.3,59.13,47.95,76.35,33.82,17.21,21.15,100.24,56.83,40.54,60.83,16.94,29.4,46.48,51.55,56.02,108.45,55.77,37.58,13.71,54.83,360.73,97.59,80.97,72.79,32.67,15.27,39.07,101.67,31.0,40.09,84.85,62.02,18.73,56.86,20.36,81.93,22.45,67.34,21.08,43.58,58.42,22.74,67.9,51.65,84.57,118.67,"{'AAPL': 1, 'MSFT': 1, 'BK': 0, 'MRK': 0}"
2018-06-05,39.8,13.2,73.97,59.41,47.13,84.62,55.68,19.89,43.41,30.0,63.33,133.56,63.03,17.43,16.06,193.31,58.98,43.11,265.07,54.67,32.68,365.8,86.66,44.18,77.97,68.46,40.05,31.08,38.55,39.26,99.31,69.23,122.73,47.97,14.85,192.94,36.44,52.91,51.92,74.68,11.83,136.96,62.89,59.01,47.87,78.5,33.94,17.65,21.34,99.94,56.53,40.43,61.08,16.84,29.12,47.02,50.78,56.33,107.84,55.59,37.37,13.8,54.5,360.1,97.5,80.68,72.77,33.61,15.28,40.04,102.19,30.97,39.32,85.9,61.39,18.63,56.3,20.62,80.33,22.57,66.76,20.58,43.67,57.92,23.42,67.56,50.9,85.05,116.58,"{'MSFT': 2, 'TWTR': 1, 'NFLX': 1, 'AAPL': 3, 'SBUX': 1, 'BAC': 0, 'JPM': 0, 'MS': 0, 'FB': 0}"
2018-06-06,40.1,13.23,74.35,59.42,47.75,84.56,57.17,20.43,43.93,30.76,65.08,136.28,63.54,17.59,16.02,193.98,59.84,43.46,265.15,54.17,33.38,367.45,87.24,44.19,78.79,68.89,40.1,32.27,38.66,39.49,100.97,69.45,123.38,48.41,15.67,191.34,36.38,52.53,52.92,76.06,11.97,136.94,63.15,59.49,48.3,77.9,33.17,18.2,21.54,101.91,57.03,39.71,61.57,16.72,30.04,47.15,51.91,56.31,110.36,56.57,37.05,13.64,55.58,371.56,98.49,82.06,74.79,34.64,15.59,39.95,102.49,31.65,41.51,84.72,61.93,19.25,57.95,20.95,78.76,23.0,68.23,20.7,44.26,57.92,23.51,67.88,50.75,85.21,116.14,"{'FB': 0, 'AAPL': 1, 'INTC': 1}"
2018-06-07,39.7,13.41,75.76,59.63,47.68,84.95,57.14,20.43,44.01,30.95,65.02,133.84,63.18,17.62,15.92,193.46,60.64,43.44,262.9,53.46,33.81,361.4,86.63,43.84,78.79,69.6,40.21,32.0,38.58,39.32,101.48,71.65,126.96,49.01,14.89,188.18,36.49,51.25,52.62,75.07,12.03,136.91,63.6,59.59,48.93,78.35,33.34,17.93,21.3,102.47,55.88,40.14,62.33,17.06,30.09,47.25,52.14,56.69,110.8,57.65,37.18,13.78,55.63,368.53,99.27,82.88,73.95,34.69,15.56,40.45,100.88,31.62,41.95,82.6,61.99,19.06,57.34,20.78,79.15,23.39,68.45,21.1,43.65,57.67,23.55,69.48,50.64,83.27,117.93,"{'BAC': 0, 'GM': 0, 'JPM': 0}"
2018-06-08,41.21,13.89,77.18,61.39,48.18,84.36,56.6,20.54,44.25,31.24,66.03,134.74,63.27,17.65,16.01,191.7,60.26,43.95,262.28,54.09,33.83,360.57,87.18,43.11,79.06,69.43,39.88,32.08,38.38,39.78,101.0,71.4,126.44,49.18,15.25,189.1,36.67,51.15,53.16,75.47,12.1,137.87,63.4,59.91,48.1,78.02,33.32,18.03,21.32,103.98,55.05,40.0,61.84,16.85,30.01,47.47,51.91,57.71,111.11,57.56,37.74,13.93,55.68,369.5,100.22,83.6,74.29,34.7,15.69,40.29,101.63,31.81,42.16,82.62,62.58,19.11,57.73,20.81,78.99,23.54,68.47,20.99,43.48,58.47,23.71,69.43,50.48,84.34,117.67,"{'AAPL': 0, 'INTC': 0}"
2018-06-11,41.42,14.1,77.53,61.39,48.19,84.3,56.48,20.56,44.85,31.31,66.94,133.91,63.13,17.85,16.02,191.23,59.93,44.13,260.62,54.89,34.18,361.45,86.59,44.16,78.33,69.87,39.75,32.0,38.57,40.23,101.2,71.68,127.56,49.3,15.73,191.54,36.3,49.89,53.12,75.13,12.03,139.16,64.06,60.97,47.86,79.06,32.97,18.19,21.2,104.35,54.52,39.93,61.8,17.15,30.06,47.51,51.78,58.25,110.83,57.7,37.66,13.98,55.51,370.94,100.5,83.1,75.0,34.15,15.56,40.49,101.05,31.42,42.27,83.0,62.33,18.87,57.41,20.89,77.77,23.54,68.11,21.47,43.69,59.88,24.01,70.49,50.98,83.89,118.01,"{'T': 0, 'FB': 0, 'CVX': 1, 'XOM': 1, 'TWTR': 0}"
2018-06-12,43.49,14.23,77.24,60.55,48.45,84.1,56.48,20.64,44.18,31.46,66.35,134.86,62.92,17.95,15.79,192.28,59.79,44.41,262.58,54.55,34.35,363.83,86.69,43.41,77.47,68.6,39.97,32.38,38.79,40.43,100.73,71.35,127.08,48.81,15.85,192.4,36.3,50.86,53.13,75.85,12.11,139.78,63.7,61.86,47.86,79.07,33.32,17.86,21.43,104.33,54.82,40.49,60.47,16.93,29.9,47.71,51.32,57.88,110.19,57.67,37.7,13.98,55.38,370.62,100.5,82.42,75.94,34.54,15.59,40.45,101.31,31.28,41.93,82.12,62.44,18.95,57.31,21.1,75.46,23.59,67.61,21.36,43.94,60.12,23.62,69.43,50.97,85.02,118.47,"{'JPM': 1, 'BK': 0, 'T': 1}"
2018-06-13,44.07,14.0,76.47,60.05,48.27,84.09,56.21,20.67,44.45,31.53,68.41,134.4,62.63,17.54,15.79,190.7,59.22,44.18,262.4,54.65,32.22,379.93,85.84,42.92,77.38,67.97,38.37,32.32,38.7,40.14,100.02,71.28,127.07,47.4,16.32,192.41,36.22,50.98,53.46,75.85,12.02,143.28,63.91,62.34,47.67,78.02,33.63,17.81,21.28,106.31,55.03,40.52,60.49,16.74,29.84,47.37,51.6,57.43,109.97,57.32,37.95,13.89,55.16,363.85,99.46,81.51,76.67,34.06,15.55,39.33,100.85,31.15,42.59,82.86,62.59,18.89,57.36,20.97,74.88,23.85,67.29,21.47,44.01,60.1,23.54,69.62,51.35,85.27,118.25,"{'TWTR': 0, 'T': 2, 'NFLX': 0}"
2018-06-14,46.76,14.26,75.99,59.18,45.9,83.79,57.02,20.53,43.57,31.53,69.12,135.0,62.96,18.01,15.82,190.8,59.46,43.58,266.91,54.9,32.52,392.87,86.57,43.08,78.39,68.33,37.56,33.82,39.16,40.4,99.76,71.04,126.51,47.82,16.25,196.81,36.16,49.69,53.63,76.43,11.89,144.39,64.87,61.75,47.73,77.22,34.27,17.58,21.36,108.75,55.54,41.07,60.97,16.95,29.5,47.28,51.31,56.7,108.03,56.8,38.2,13.64,54.74,362.42,99.16,81.89,77.71,33.68,15.42,39.0,101.42,30.84,41.71,82.55,61.56,18.62,56.61,20.66,75.19,23.61,66.16,21.12,44.69,60.67,23.8,68.13,51.94,85.61,117.53,"{'ORCL': 1, 'TWTR': -1, 'AAPL': 1}"
2018-06-15,45.8,14.5,77.38,58.23,46.28,83.7,57.11,20.39,43.91,31.39,70.09,135.1,62.91,18.02,15.95,188.84,59.86,44.12,265.26,55.18,33.15,391.98,86.78,42.77,78.08,66.83,38.27,33.88,38.4,40.82,98.52,68.49,124.04,48.06,16.34,195.85,36.36,49.31,54.8,76.49,11.88,146.65,65.8,61.89,46.6,77.25,34.7,16.89,21.26,108.85,55.11,41.49,60.04,16.77,29.28,47.59,51.16,57.79,107.9,56.93,38.5,13.3,54.98,357.88,99.18,80.66,77.41,32.57,15.33,38.89,100.13,30.67,40.25,80.6,62.03,18.59,56.09,20.69,73.56,23.5,66.34,19.99,44.25,61.61,23.59,65.36,52.18,85.31,114.18,"{'TWTR': 1, 'GM': 0, 'BK': 0}"
2018-06-18,46.0,14.17,75.84,58.45,46.52,83.0,57.22,20.44,43.95,30.97,67.74,136.2,62.82,18.13,15.91,188.74,59.2,43.55,265.09,54.8,32.19,390.4,86.25,42.44,77.73,67.04,38.73,32.58,38.43,40.18,98.47,69.64,125.97,47.46,17.11,198.31,36.16,48.32,53.65,76.22,11.99,144.86,64.15,62.52,46.62,77.12,34.74,16.8,21.16,107.06,53.22,41.72,61.6,17.16,29.4,47.98,50.77,56.6,108.18,57.24,37.94,13.2,55.08,354.74,98.59,80.82,77.87,32.54,15.33,38.86,100.86,30.67,41.1,80.27,60.99,18.72,55.48,20.76,74.79,23.72,66.75,20.32,44.21,60.87,23.65,66.6,52.37,85.85,116.62,"{'MS': 0, 'XOM': 0, 'INTC': 0}"
2018-06-19,44.95,14.46,76.33,59.25,46.27,83.61,57.43,20.57,42.26,30.65,70.77,135.11,62.34,18.44,15.9,185.69,58.7,43.6,260.17,53.78,32.39,404.98,86.61,41.51,79.44,65.7,38.88,32.81,38.35,40.34,97.14,69.08,125.54,48.5,16.69,197.49,36.22,48.55,53.64,76.16,11.89,143.09,64.61,62.14,46.11,76.57,34.92,16.26,20.99,106.1,52.93,41.61,61.4,17.35,29.26,47.88,49.92,56.79,107.55,57.34,38.3,12.95,55.08,341.12,98.16,80.7,77.24,32.75,15.37,39.18,100.86,30.57,41.61,80.51,61.03,18.95,55.27,21.0,74.52,23.95,66.78,20.53,43.82,62.14,23.52,66.26,51.71,84.52,117.08,"{'INTC': 0, 'JPM': 0, 'TWTR': 0, 'FB': 0}"
2018-06-20,46.13,14.45,75.85,58.95,42.82,83.61,52.22,20.54,41.95,30.74,71.6,135.5,62.14,18.57,15.15,186.5,58.79,43.26,262.31,53.84,32.0,416.76,86.13,42.03,79.77,65.55,39.62,33.39,37.95,40.76,96.42,70.1,125.29,48.09,16.52,202.0,36.46,48.58,54.25,76.21,11.87,143.54,68.0,62.88,45.71,75.39,34.89,16.3,21.01,107.15,53.46,41.8,62.64,17.49,29.24,48.36,49.89,56.75,107.54,57.37,38.45,12.88,54.48,342.69,98.44,80.45,76.84,33.07,15.45,39.26,101.87,30.71,42.61,80.22,61.28,18.91,55.54,21.18,73.82,24.16,67.38,21.06,43.74,63.04,23.3,67.47,52.0,85.95,119.43,"{'ORCL': 1, 'WBA': 1, 'SBUX': 1, 'GE': 1}"
2018-06-21,45.24,14.47,76.44,59.44,43.1,84.21,50.62,20.67,41.12,30.9,71.08,134.53,61.75,18.45,15.42,185.46,58.75,43.09,257.11,53.73,31.6,415.44,86.3,41.49,79.14,64.79,39.32,32.79,37.02,40.74,96.63,69.46,122.59,48.63,15.65,201.5,36.3,48.99,53.94,75.78,11.71,143.15,67.79,62.31,44.92,76.14,35.15,16.36,20.8,105.89,52.19,41.43,61.71,17.16,29.29,48.15,49.79,56.69,107.51,57.15,38.28,12.76,54.37,337.66,99.06,79.69,76.05,32.32,15.61,38.01,101.14,30.63,41.15,80.89,61.18,18.92,55.31,21.08,72.48,24.16,67.63,19.92,43.16,62.57,23.5,65.11,53.15,85.97,116.6,"{'C': 0, 'MS': -1, 'MSFT': -1, 'GM': 0, 'F': 0, 'INTC': 0}"
2018-06-22,45.88,14.77,77.43,57.1,44.1,84.82,51.24,20.4,41.25,31.12,72.18,135.33,61.94,18.62,15.24,184.92,58.5,43.25,250.95,52.72,31.69,411.09,86.81,41.35,78.8,66.58,37.43,33.81,37.46,41.3,97.23,74.11,125.1,49.76,15.8,201.74,36.51,47.96,55.14,75.57,11.65,141.26,67.61,62.8,46.22,76.04,35.09,16.44,20.72,106.34,52.5,41.5,64.57,17.39,28.99,47.54,48.89,57.02,105.75,56.75,38.55,13.05,53.94,338.91,98.22,81.38,75.98,32.72,15.35,38.09,100.41,30.1,43.28,79.68,61.47,18.53,54.9,21.14,72.62,23.11,67.2,21.48,43.2,63.21,23.8,67.78,51.91,85.12,118.51,"{'CVX': 0, 'NVDA': 0, 'XOM': 0, 'MSFT': 0}"
2018-06-25,44.17,14.5,77.79,53.16,44.28,86.47,50.66,20.11,40.61,30.97,71.43,130.93,60.77,18.78,15.07,182.17,57.05,43.58,239.12,51.31,31.71,384.48,86.74,39.68,78.53,65.43,36.97,33.12,36.99,41.45,98.54,71.89,122.61,49.6,15.11,196.35,36.38,46.71,54.67,74.38,11.5,140.52,67.24,61.92,45.24,76.84,36.2,15.74,20.47,104.45,50.71,41.85,62.29,17.17,28.48,47.61,47.93,57.07,104.79,55.67,38.94,12.75,53.96,331.2,96.85,79.74,74.7,32.44,15.2,37.11,98.39,30.06,41.89,78.13,61.08,18.35,53.41,20.78,69.97,23.22,65.75,20.3,42.29,63.32,23.09,66.14,51.28,82.19,116.83,"{'WMT': -1, 'TWTR': 0}"
2018-06-26,44.84,14.45,78.0,54.59,44.41,85.98,50.38,19.8,41.01,30.31,69.81,132.55,60.81,18.75,15.17,184.43,56.45,43.33,241.99,51.07,31.62,399.39,86.86,39.09,78.31,66.02,37.86,32.78,37.17,41.18,98.21,73.07,124.16,49.3,15.5,199.0,36.38,46.67,54.91,74.18,11.52,140.37,66.57,61.68,45.34,76.33,36.06,16.25,20.34,104.26,49.67,42.03,63.77,17.55,28.54,47.59,47.79,56.1,104.86,55.18,38.23,13.74,53.43,331.3,97.13,80.64,75.27,33.13,15.05,37.07,99.08,29.6,42.59,78.51,60.72,18.18,53.07,20.62,70.54,23.51,66.31,20.73,42.55,63.21,23.05,67.34,51.17,82.32,119.68,"{'GE': -1, 'NVDA': 0, 'TWTR': -1, 'NFLX': 0, 'AAPL': 0, 'BAC': 0}"
2018-06-27,43.7,14.16,77.69,52.26,43.45,86.89,49.84,19.54,40.37,30.16,70.05,131.02,60.49,18.65,14.72,184.16,55.17,43.07,235.72,49.89,31.65,390.39,85.49,38.26,77.25,66.81,37.88,32.29,36.98,40.99,96.96,74.33,126.0,49.31,14.97,195.84,36.21,45.25,54.47,73.26,11.42,137.75,66.26,61.06,45.84,76.87,36.47,16.9,20.13,103.96,48.76,42.2,65.57,17.64,28.24,47.11,47.19,55.99,103.24,54.2,35.45,13.96,53.28,329.82,96.31,81.71,73.42,33.6,14.88,36.3,97.54,28.93,43.47,77.3,59.88,17.86,51.9,20.31,69.2,23.39,65.46,21.22,42.33,62.69,22.81,68.74,50.37,80.67,123.93,{'WMT': 0}
2018-06-28,44.79,13.97,78.05,53.14,43.84,85.86,48.54,19.6,40.52,30.7,65.78,132.74,61.27,18.7,14.71,185.5,55.9,43.47,240.86,49.8,32.19,395.42,86.33,38.2,76.66,67.01,38.48,32.63,37.0,40.9,96.97,73.58,125.66,50.86,15.31,196.23,36.36,45.29,55.3,73.93,11.28,140.63,59.7,61.89,45.63,75.6,36.19,16.79,20.29,104.77,49.25,42.28,65.56,17.48,28.67,47.67,48.29,57.29,104.93,54.3,35.83,13.83,53.63,334.65,96.0,81.97,76.01,32.95,14.89,36.14,98.63,28.74,43.58,76.93,60.3,17.99,51.71,20.3,69.49,23.66,66.88,20.7,42.94,62.65,22.67,68.41,50.7,82.48,123.5,"{'TWTR': 0, 'AAPL': 0}"
2018-06-29,43.67,14.1,78.06,52.44,44.06,85.65,48.85,19.54,39.4,30.93,64.35,132.45,60.99,18.64,14.61,185.11,56.12,43.86,236.9,49.54,32.11,391.43,85.61,37.96,79.42,67.03,37.43,32.81,37.71,41.0,98.0,73.25,126.43,50.31,14.99,194.32,36.28,46.19,55.34,74.09,11.07,141.02,60.02,61.61,45.06,76.12,35.91,17.26,20.65,104.81,49.71,42.6,66.89,17.67,28.19,47.59,47.4,56.79,104.2,53.93,35.73,13.61,55.44,335.51,95.57,82.73,76.32,33.03,14.76,36.26,98.61,28.7,43.96,77.41,60.7,17.78,51.1,20.33,70.16,23.8,66.92,20.86,43.03,62.82,22.69,69.62,50.88,83.27,124.43,"{'MS': 0, 'WFC': 0, 'C': 0, 'TWTR': 0, 'JPM': 0, 'BAC': 0}"
2018-07-02,44.98,13.87,78.13,54.48,44.95,84.0,49.06,19.87,39.5,30.59,65.17,132.5,61.0,18.53,14.8,187.18,56.18,43.75,242.24,49.92,32.21,398.18,86.03,38.36,79.51,65.21,36.54,33.17,37.55,40.86,99.0,72.44,124.25,50.42,15.16,197.36,36.33,45.68,55.19,74.74,11.1,143.48,61.13,62.03,44.47,75.77,36.22,17.16,20.89,105.33,50.2,42.9,64.89,17.43,28.28,47.46,47.72,55.87,105.08,54.09,35.03,13.37,56.32,336.08,94.87,81.76,77.28,32.94,14.83,36.67,100.01,29.08,43.53,78.04,60.46,17.89,51.3,20.44,70.27,23.52,67.16,20.66,42.81,62.09,22.86,68.59,51.54,83.89,122.4,"{'NVDA': 0, 'V': 0, 'INTC': 0, 'AAPL': 1, 'BAC': 1}"
2018-07-03,43.89,13.94,77.9,51.48,44.72,84.44,48.77,19.68,38.97,30.54,64.5,131.45,60.81,19.1,14.77,183.92,55.33,43.99,236.84,48.78,32.71,390.52,85.98,37.75,78.65,65.84,37.13,33.09,37.64,40.81,97.84,73.46,124.73,50.7,15.0,192.73,36.35,44.8,55.65,74.42,10.99,141.23,60.76,62.59,44.53,76.63,36.43,17.07,20.81,104.04,49.47,42.81,65.96,17.69,27.78,47.58,47.02,56.46,103.61,53.19,34.64,13.37,55.56,332.93,95.06,82.24,75.88,33.29,14.72,36.64,99.05,28.91,44.0,76.87,60.71,17.56,50.24,20.11,70.82,23.39,66.06,21.27,42.67,62.64,22.59,69.56,51.52,83.27,122.43,"{'AAPL': 0, 'FB': 0}"
2018-07-05,45.06,14.17,79.21,52.84,45.41,84.57,48.61,19.57,39.47,30.75,65.09,133.29,61.33,19.38,14.82,185.4,57.38,44.66,242.73,49.26,32.6,398.39,85.91,37.99,80.39,66.43,36.89,33.12,38.43,41.86,98.53,72.58,123.98,51.28,15.5,198.45,36.87,45.44,55.95,75.03,11.05,143.23,62.38,64.0,44.45,76.55,36.66,16.97,21.15,105.34,50.75,42.92,66.38,17.58,27.92,47.54,46.7,57.63,103.72,53.2,35.92,13.43,55.24,333.18,95.52,82.31,76.19,33.25,14.75,37.03,99.76,28.82,43.99,77.46,61.64,17.46,49.48,20.3,69.6,23.44,66.56,20.7,42.56,63.95,22.75,68.93,51.86,84.59,123.22,"{'AAPL': 0, 'BAC': 1, 'TWTR': -1, 'GM': 2, 'F': 2, 'INTC': 1, 'MS': 1}"
2018-07-06,46.65,14.16,79.31,53.23,46.0,84.51,48.98,19.7,39.16,31.21,66.48,134.09,62.16,19.66,14.98,187.97,57.84,44.64,247.33,49.58,32.68,408.25,86.63,38.09,82.44,67.03,36.89,33.58,37.83,42.35,98.52,73.66,124.14,51.48,16.36,203.23,37.11,46.13,56.56,75.49,11.06,145.1,63.3,64.58,44.93,76.79,36.77,17.51,21.28,104.78,51.37,43.09,67.55,17.93,28.03,47.78,47.09,58.29,104.06,53.2,35.73,13.85,55.89,334.64,96.14,82.33,77.19,33.67,14.87,37.39,101.16,29.14,44.51,77.93,62.2,17.59,50.65,20.25,70.2,23.58,67.14,21.09,42.71,64.43,23.01,69.65,52.74,85.94,124.35,"{'MS': 0, 'AAPL': 0, 'BAC': 1, 'JPM': 0}"
2018-07-09,44.14,14.11,77.86,54.31,46.73,85.93,49.9,20.29,39.75,31.88,67.64,135.52,62.44,19.89,15.23,190.58,58.04,44.4,249.25,50.51,32.15,418.97,87.13,39.31,83.85,68.34,36.46,33.56,37.79,42.17,99.91,75.18,125.99,50.74,16.61,204.74,37.16,46.52,56.45,75.82,11.2,144.64,63.73,64.65,45.83,77.76,35.32,18.11,21.57,106.02,51.86,41.85,69.21,18.1,29.05,47.85,48.41,58.02,107.28,54.11,36.44,13.95,56.77,341.92,96.96,82.9,76.84,34.44,15.21,37.91,101.85,29.96,45.3,79.68,62.02,18.07,51.9,20.3,71.82,23.72,68.94,21.91,42.67,63.97,23.37,71.0,53.26,86.23,126.13,"{'JPM': 3, 'WFC': 3, 'BAC': 1, 'C': 2, 'TWTR': 0}"
2018-07-10,43.75,14.44,79.82,55.74,46.99,87.21,50.42,20.12,40.09,31.55,68.24,136.69,62.81,20.11,15.5,190.35,58.37,44.97,253.25,50.6,32.5,415.63,87.39,39.12,84.56,69.49,36.72,33.34,37.91,42.08,99.91,75.47,127.59,51.34,16.55,203.54,37.43,46.74,56.18,75.96,11.25,144.19,63.2,65.31,46.26,78.3,35.39,18.11,21.41,106.03,52.16,42.17,69.6,18.22,28.83,47.52,48.1,58.76,106.62,54.03,36.62,14.17,56.62,347.16,99.01,83.66,76.19,34.27,14.98,37.04,102.12,29.7,45.61,80.08,62.3,17.88,51.11,20.44,71.87,23.65,68.23,21.98,42.86,64.0,23.87,71.74,53.0,86.17,126.97,{'MS': -1}
2018-07-11,43.87,14.05,79.16,54.18,47.64,86.53,50.14,19.91,39.3,31.21,67.3,138.15,62.57,19.8,15.1,187.88,57.3,44.79,247.53,49.84,31.87,418.65,87.26,35.96,83.33,68.34,36.44,33.77,37.07,42.25,100.3,73.35,123.52,51.34,16.27,202.54,37.21,45.2,55.75,76.46,11.07,145.72,63.66,65.72,45.1,77.58,35.9,17.41,21.28,108.04,51.2,42.45,66.82,17.86,28.68,47.68,47.75,58.69,106.39,53.39,36.54,13.99,56.07,340.6,98.61,82.59,78.61,32.92,14.83,36.98,101.98,29.57,44.12,78.19,61.9,17.69,50.47,20.3,69.96,23.65,67.91,21.3,42.57,63.74,23.06,70.05,52.53,86.25,124.66,"{'JPM': 1, 'NVDA': 1, 'NFLX': 1, 'AAPL': 1, 'INTC': 1, 'FB': 0, 'MS': 1}"
2018-07-12,45.26,14.04,78.89,55.45,48.15,86.52,50.25,19.74,39.27,31.14,67.99,139.9,62.74,20.0,15.39,191.03,58.32,44.67,251.23,50.73,32.23,413.5,87.87,36.33,85.6,67.47,36.12,34.55,37.13,42.45,101.15,73.69,124.26,51.24,16.56,206.92,37.52,45.68,56.81,77.55,11.05,148.61,63.88,66.34,44.92,76.5,35.65,17.29,21.62,108.25,52.35,42.35,66.74,18.03,28.77,47.13,48.02,58.01,106.85,53.5,36.06,13.99,56.03,346.03,98.3,82.69,81.37,32.77,14.75,37.55,104.19,29.41,43.93,78.85,62.66,17.52,50.75,20.41,70.51,23.27,68.51,21.43,43.58,63.64,23.53,71.45,52.77,89.13,124.14,"{'C': -1, 'JPM': -1, 'WFC': -1}"
2018-07-13,44.49,14.24,79.31,56.35,48.63,87.7,51.62,19.56,39.36,31.08,68.63,139.42,63.06,19.88,15.49,191.33,58.39,44.74,249.32,50.77,31.67,395.8,88.36,37.12,85.69,68.08,36.39,34.7,36.84,42.83,100.5,74.59,124.04,51.41,16.27,207.32,37.53,46.13,56.86,77.45,10.98,148.73,65.17,67.27,45.35,77.72,35.84,16.8,21.67,110.0,52.22,42.39,66.54,17.91,28.55,47.67,48.08,58.5,106.36,53.03,36.07,13.89,55.36,350.79,99.58,83.31,81.5,32.63,14.65,37.61,105.43,29.09,44.72,79.52,62.89,17.21,50.62,20.36,71.74,23.45,67.0,21.48,41.78,63.85,23.71,72.0,53.09,87.99,125.96,"{'C': 1, 'WFC': 1, 'NFLX': 1, 'JPM': 1, 'TWTR': 1}"
2018-07-16,44.26,14.23,79.53,56.15,48.46,87.64,50.94,19.92,39.56,31.17,68.24,138.46,61.78,19.61,15.64,190.91,58.35,44.73,248.2,50.67,31.9,400.48,87.73,37.28,85.23,67.42,36.99,34.97,36.5,42.31,100.69,72.84,122.98,51.59,16.58,207.23,37.38,46.31,56.43,76.87,10.85,146.68,65.16,66.61,44.96,77.21,36.15,16.77,21.55,110.2,52.01,42.15,63.88,17.8,29.78,47.6,48.9,57.14,110.58,53.7,35.69,13.9,56.99,356.1,99.63,82.49,80.23,32.33,14.9,37.73,104.91,29.46,44.21,78.43,62.59,17.51,51.06,20.27,71.42,23.7,69.46,20.04,42.5,62.64,23.57,70.58,53.08,87.77,124.61,"{'BAC': -3, 'JPM': -1, 'MSFT': -1, 'CVX': -2, 'XOM': -2, 'C': -2, 'NFLX': -2}"
2018-07-17,44.71,14.23,80.03,56.96,48.9,88.19,51.28,20.06,40.03,30.65,67.94,139.64,62.8,19.63,15.66,191.45,58.91,45.25,253.69,51.14,31.76,379.48,88.29,37.38,85.85,66.74,37.07,34.27,36.94,42.83,101.15,71.43,121.91,51.43,16.87,209.99,37.65,47.3,56.63,77.15,10.86,148.74,65.63,66.96,45.06,77.27,36.26,16.77,21.57,110.3,51.75,41.92,63.46,17.69,30.01,48.15,49.18,57.35,110.5,54.05,36.11,13.69,56.56,356.88,100.25,82.31,80.95,32.64,14.92,37.81,105.95,29.52,44.08,78.99,62.53,17.64,52.88,20.4,71.7,23.66,69.35,20.06,42.34,63.05,23.59,70.28,53.22,88.58,124.32,"{'NFLX': 0, 'JPM': 0, 'TWTR': 1, 'BAC': 0, 'MS': 0, 'AAPL': 0, 'FB': 0, 'BK': 0}"
2018-07-18,43.34,13.83,79.72,57.45,48.64,88.07,51.15,20.3,39.87,30.76,67.9,140.9,64.75,19.51,15.93,190.4,58.76,45.12,251.7,52.8,31.71,375.13,88.01,38.37,85.78,67.06,37.7,34.04,37.18,42.13,102.98,71.5,121.53,51.14,16.85,209.36,37.66,48.28,56.88,77.24,10.87,148.93,66.16,67.01,44.8,76.85,35.66,17.08,21.56,110.69,51.72,41.92,64.14,17.78,30.13,48.31,50.56,57.43,111.53,55.64,35.69,13.75,56.57,360.23,101.05,82.22,81.27,32.55,15.05,37.95,105.12,30.24,43.75,78.78,62.94,18.06,54.22,20.16,72.56,23.94,69.85,20.37,42.21,61.59,23.53,70.35,53.9,88.22,123.58,"{'MS': 0, 'TWTR': 0}"
2018-07-19,43.44,13.78,78.73,56.22,48.44,87.72,51.34,20.63,39.31,30.56,66.14,140.13,63.78,19.23,15.64,191.88,59.31,45.11,252.03,53.0,31.27,364.23,88.42,38.13,85.34,66.92,38.96,34.91,37.01,42.24,100.17,71.08,121.67,50.75,16.71,208.09,37.36,46.67,56.54,77.43,10.82,147.96,64.93,67.63,44.96,78.46,35.64,15.8,21.29,112.13,51.98,42.24,64.5,17.99,29.67,48.85,49.85,56.94,109.89,52.73,36.28,13.73,56.33,355.33,101.39,82.01,80.61,31.78,15.0,34.11,104.4,28.31,44.14,77.46,62.51,17.62,52.88,20.29,72.86,24.42,68.99,20.54,42.4,61.34,23.19,69.69,53.78,87.38,122.39,"{'CSCO': -1, 'AXP': -1, 'TWTR': 0}"
2018-07-20,43.42,13.95,78.68,55.02,48.52,88.06,50.91,20.52,39.4,29.87,65.26,140.99,63.32,18.76,15.47,191.44,58.61,45.28,250.89,51.99,31.1,361.05,88.02,37.88,85.1,66.09,38.65,34.3,37.02,42.45,100.15,70.95,122.27,50.62,16.5,209.94,37.33,46.76,56.71,77.35,10.56,147.48,64.98,67.72,45.2,77.76,35.31,15.75,21.2,111.48,51.91,42.05,64.04,17.69,30.13,48.54,50.27,57.64,111.28,52.46,36.15,13.12,56.41,354.9,100.66,81.4,79.65,32.0,15.1,34.2,106.27,28.49,44.14,76.64,62.52,17.82,52.15,20.28,72.52,24.24,69.22,20.48,42.01,60.69,22.94,70.01,53.43,87.47,122.35,"{'TWTR': 0, 'AAPL': 0, 'MSFT': 0, 'GE': 0, 'FB': 0, 'BAC': 0}"
2018-07-23,43.31,13.96,78.51,54.29,48.67,87.63,51.19,20.84,39.27,29.5,66.34,140.03,63.2,18.82,15.47,191.61,59.08,44.95,249.41,52.24,31.0,362.66,88.63,38.04,85.08,65.74,39.41,34.17,36.57,41.68,101.22,71.06,121.33,50.75,16.66,210.91,37.21,46.43,55.88,77.39,10.47,146.56,65.34,68.06,41.54,78.69,34.83,15.83,20.91,111.09,52.31,41.61,64.24,17.7,30.75,48.78,50.74,57.59,113.35,53.25,35.9,12.99,58.0,353.27,101.16,81.4,79.75,32.5,15.37,33.79,107.97,29.19,44.21,76.38,62.69,18.27,52.61,20.21,73.0,24.3,70.21,20.46,42.06,60.3,23.04,69.98,53.56,89.24,122.86,"{'FB': 0, 'INTC': 0, 'TWTR': -1, 'MS': 1, 'C': 1, 'JPM': 1}"
2018-07-24,42.17,13.61,78.99,53.17,48.67,87.96,51.17,20.95,39.48,29.51,65.58,140.03,64.4,18.71,15.3,193.0,58.85,45.26,248.71,51.68,31.68,357.32,88.91,37.45,87.17,65.52,39.36,33.39,37.13,41.52,101.71,72.36,123.85,51.51,16.19,214.67,37.7,45.91,58.26,77.18,10.57,144.32,65.51,65.0,40.35,79.36,34.55,16.07,20.55,110.7,52.18,41.65,65.06,17.65,30.83,48.51,50.98,57.99,114.15,54.19,35.6,13.12,58.35,358.27,100.0,83.01,78.41,32.99,15.29,33.52,107.66,29.33,44.56,75.11,63.42,18.27,52.86,20.22,73.74,24.27,71.07,20.85,42.39,59.67,22.99,70.85,51.91,91.41,125.62,"{'TWTR': 0, 'VZ': 2, 'NFLX': 1, 'AAPL': 1}"
2018-07-25,44.22,13.48,79.47,53.39,48.95,87.9,51.62,20.86,37.65,29.57,65.99,142.64,65.23,18.26,15.48,194.82,59.42,46.09,251.87,51.66,30.25,362.87,89.73,38.19,87.67,65.78,40.17,33.42,37.47,41.5,102.63,73.31,124.9,50.91,16.05,217.5,37.99,45.96,59.04,77.61,10.52,146.5,66.7,65.94,39.82,79.99,34.72,15.86,20.69,111.18,52.43,41.88,64.88,17.9,31.07,48.84,51.04,57.85,115.18,53.3,36.22,13.11,58.23,355.92,99.02,83.59,79.45,33.27,15.1,33.89,110.83,29.27,45.27,75.63,64.49,18.29,52.94,20.39,74.72,24.97,71.72,21.18,43.16,59.84,23.29,71.51,52.29,91.37,128.38,{'GM': 0}
2018-07-26,42.94,13.53,80.09,53.76,48.87,88.23,51.45,21.14,36.75,22.11,66.34,142.5,65.66,18.39,15.69,194.21,63.58,46.24,254.84,53.98,30.35,363.09,89.26,40.02,88.31,66.86,39.48,34.75,37.81,43.27,102.5,73.33,123.95,51.18,18.35,176.26,38.16,47.17,57.92,77.22,9.89,141.9,67.54,66.52,41.31,79.86,35.21,15.97,20.6,113.51,52.16,42.27,64.33,18.03,30.94,48.76,50.99,56.1,114.85,53.4,37.09,13.15,58.31,359.32,98.52,84.24,77.65,34.02,15.31,34.43,109.62,29.55,45.15,77.09,64.01,18.39,52.65,20.4,80.16,24.72,71.34,21.24,43.53,60.48,23.45,71.8,56.7,89.14,128.86,"{'FB': 0, 'C': 0}"
2018-07-27,34.12,13.41,80.58,53.96,48.63,88.13,52.15,21.27,37.53,22.36,66.67,140.71,65.26,18.37,15.59,190.98,62.69,46.21,252.02,54.46,31.08,355.21,88.66,39.69,86.43,67.04,39.48,35.08,36.89,42.9,103.85,72.4,125.97,52.01,18.94,174.89,38.41,48.3,56.92,76.12,9.93,133.81,68.64,66.04,41.8,80.13,35.01,15.99,20.73,112.62,47.68,42.2,63.61,17.9,31.06,48.28,51.05,57.9,116.03,53.41,37.29,13.06,58.63,360.65,98.0,81.92,75.36,34.73,15.51,33.81,107.68,29.51,44.55,71.13,63.49,18.56,52.55,20.26,80.99,22.81,71.69,20.83,42.57,60.26,23.23,71.45,58.38,85.46,129.15,"{'MS': 0, 'FB': 1, 'AAPL': 0, 'TWTR': 0, 'INTC': 0, 'MRK': 0, 'NFLX': 0}"
2018-07-30,31.38,13.5,80.2,53.01,47.73,88.88,51.9,21.15,37.67,23.03,67.43,136.48,65.17,18.64,15.45,189.91,62.04,46.23,244.13,53.79,32.0,334.96,89.08,38.97,88.91,67.58,40.27,35.46,36.73,43.0,100.85,73.71,127.83,52.49,19.42,171.06,38.59,47.91,58.93,74.46,10.07,126.21,69.16,64.7,42.29,81.21,34.9,16.08,20.31,112.63,47.69,41.8,64.68,17.75,31.31,48.39,50.9,58.45,116.73,53.46,36.51,13.16,58.49,351.06,99.28,81.74,72.75,34.69,15.49,33.67,105.37,29.75,45.06,70.03,64.81,18.82,51.32,20.11,81.5,22.73,72.29,21.11,42.17,60.28,23.1,72.27,57.9,82.39,129.9,"{'AXP': 1, 'INTC': 1, 'TWTR': 1, 'NFLX': 0, 'T': 0, 'AAPL': -1, 'FB': 1, 'BAC': -1, 'MSFT': -1, 'C': 0}"
2018-07-31,31.87,13.41,80.88,52.79,47.68,89.23,52.39,20.87,37.91,23.56,64.86,136.74,65.54,18.77,15.44,190.29,64.09,46.63,244.86,54.42,31.97,337.45,90.23,39.54,90.09,67.52,39.73,35.78,36.68,43.38,99.52,73.15,126.27,51.64,18.33,172.58,39.93,48.63,58.75,75.48,10.04,128.75,67.62,65.17,42.42,80.68,35.43,16.5,20.22,113.56,48.1,42.5,65.63,17.78,30.88,48.63,50.56,58.68,114.95,53.47,36.71,13.63,57.29,356.3,99.34,81.51,73.42,34.58,15.44,33.45,106.08,29.59,45.01,70.15,65.87,18.61,51.06,20.16,80.83,23.5,71.89,21.12,42.29,60.25,23.08,72.17,58.16,82.14,128.94,"{'MS': 0, 'NFLX': -1, 'FB': -1, 'AAPL': 0, 'TWTR': 0}"
2018-08-01,31.91,13.36,80.65,52.29,47.35,88.24,51.93,21.09,37.14,23.45,64.09,138.25,64.78,18.57,15.45,201.5,64.35,46.39,246.47,53.59,31.9,338.38,90.24,38.14,90.19,66.66,37.94,35.4,36.44,42.83,99.45,69.57,125.39,51.73,18.48,171.65,40.27,47.97,59.62,74.74,9.9,127.48,66.44,66.4,42.06,78.95,36.46,15.58,20.43,112.97,48.81,42.0,64.8,17.53,31.25,48.21,50.18,58.08,115.66,53.28,36.36,13.24,57.65,352.76,97.96,80.39,73.08,34.27,15.49,33.09,106.28,29.78,43.47,69.23,65.49,18.83,50.88,20.15,80.76,23.29,71.93,20.31,41.86,59.28,23.01,71.81,56.52,83.46,125.57,"{'NFLX': 0, 'AAPL': 0, 'FB': 0}"
2018-08-02,32.82,13.5,82.0,53.4,47.9,88.76,51.68,21.33,36.62,22.57,63.78,138.92,64.58,18.73,15.55,207.39,64.77,46.18,250.62,53.91,31.85,344.5,89.89,37.93,90.55,65.94,38.73,34.64,36.23,43.16,99.73,69.67,123.76,51.98,18.79,176.37,39.65,48.11,59.27,75.19,9.92,128.65,66.98,67.55,41.91,80.76,36.42,15.43,20.88,112.75,49.48,42.29,65.82,17.68,31.28,48.73,49.81,58.83,116.15,52.63,36.86,13.17,58.29,349.73,97.44,79.91,74.06,33.94,15.72,33.22,107.57,30.01,43.94,68.52,65.22,19.07,50.13,20.59,79.73,23.08,71.84,20.83,42.53,59.4,23.21,71.56,56.69,85.53,125.93,"{'NVDA': 0, 'NFLX': 0, 'AAPL': 0, 'INTC': 0}"
2018-08-03,31.96,13.94,82.33,52.81,48.47,89.6,52.23,21.36,37.73,21.99,64.89,139.82,65.23,18.83,15.98,207.99,65.4,46.62,252.1,54.26,32.27,343.09,90.48,38.42,90.44,65.89,38.95,35.41,36.46,43.76,100.79,68.26,124.05,52.27,18.49,177.78,40.54,48.84,59.16,76.25,10.04,130.87,67.22,67.42,42.05,81.45,36.55,15.71,19.25,114.09,49.63,42.49,66.3,17.62,31.51,48.8,49.91,59.73,117.09,52.77,37.6,13.14,58.83,348.44,97.63,80.2,71.32,33.88,15.73,33.66,108.04,29.71,43.05,67.96,65.93,19.14,50.29,19.4,79.09,23.45,72.39,20.54,42.83,64.48,23.34,71.29,57.41,85.19,122.41,"{'AAPL': 1, 'PFE': 1, 'NFLX': 1}"
2018-08-06,32.98,13.56,82.52,52.67,48.67,89.67,52.07,21.3,37.6,22.27,65.04,139.71,65.24,18.7,16.01,209.07,65.73,46.65,254.03,54.42,32.11,350.92,90.59,38.41,89.24,65.74,38.78,35.32,36.21,43.27,100.92,68.28,124.3,52.48,19.43,185.69,41.04,49.48,59.39,76.9,10.03,129.03,67.42,67.6,41.96,81.61,36.24,15.4,19.58,115.94,49.3,42.61,66.96,17.95,31.52,49.13,49.99,60.21,117.12,53.03,37.46,13.1,58.89,346.57,97.75,80.18,70.57,34.9,15.79,33.99,108.13,29.56,43.65,68.3,66.22,19.12,50.4,19.08,79.84,23.54,72.4,20.61,43.3,62.3,23.74,71.73,57.79,85.77,123.9,"{'TWTR': 0, 'FB': 0}"
2018-08-07,32.67,13.46,82.64,53.04,48.48,89.77,52.07,21.46,37.58,21.77,65.45,140.28,64.74,18.64,16.13,207.11,65.44,46.5,256.95,54.7,32.4,351.83,90.85,38.26,90.31,66.68,39.47,35.4,36.07,42.94,101.97,64.54,125.18,52.46,19.56,183.81,40.84,49.63,58.98,77.05,10.08,128.1,67.05,67.84,42.03,82.24,36.15,15.36,19.44,116.56,49.7,42.77,67.25,17.98,31.51,49.37,50.13,59.56,117.55,52.94,36.91,13.16,58.82,350.76,98.78,81.27,70.23,35.18,15.87,33.78,108.88,29.64,43.45,67.75,66.58,19.31,50.79,19.17,81.27,23.78,72.41,20.72,43.58,61.32,23.99,72.9,58.09,86.3,124.43,"{'CVX': 1, 'XOM': 1, 'MS': 0, 'TWTR': 0, 'C': 0, 'BAC': 1, 'JPM': 1, 'MSFT': 1, 'INTC': 0}"
2018-08-08,31.84,13.38,82.35,53.39,48.39,90.05,51.55,21.61,37.66,21.75,68.17,140.68,64.84,18.54,16.16,207.25,65.16,46.15,258.42,55.23,32.36,347.61,90.81,38.38,91.24,66.41,39.89,35.05,36.16,42.39,102.78,65.15,123.88,52.7,19.58,185.18,41.41,50.18,60.17,77.58,10.05,128.41,66.49,68.73,42.03,82.39,36.0,15.39,19.44,113.98,49.96,42.85,65.93,17.92,31.8,49.87,50.12,58.61,117.79,53.14,36.63,13.05,59.19,347.78,98.87,80.73,70.01,35.05,16.08,33.84,109.49,29.85,42.67,67.05,66.69,19.37,50.5,19.15,81.69,23.4,72.89,20.14,43.84,60.28,24.14,71.39,58.82,86.74,122.77,"{'AAPL': 0, 'WFC': -1, 'MSFT': -1, 'CVX': -1, 'FB': -1, 'JPM': -1, 'BAC': -1}"
2018-08-09,31.96,12.41,81.4,52.26,48.54,89.01,51.92,21.57,37.51,22.15,68.57,140.01,64.64,20.97,16.11,208.88,65.08,46.35,256.46,55.34,32.49,349.36,91.22,37.92,91.92,65.4,40.56,35.49,35.71,42.16,102.99,66.06,122.53,53.01,19.1,183.09,41.0,49.16,59.53,78.64,9.91,127.82,66.17,69.24,41.51,82.62,36.3,15.31,19.23,114.16,50.14,43.37,64.0,17.94,31.6,49.91,49.44,59.22,116.88,52.29,36.78,12.94,58.44,343.72,99.94,80.32,70.5,34.67,15.93,34.15,109.67,29.52,42.07,66.11,66.0,19.28,50.73,18.92,80.75,23.54,71.98,20.09,43.78,60.0,24.08,71.75,58.99,87.17,122.31,"{'MS': 1, 'MSFT': 0, 'AAPL': 0, 'GM': 0, 'F': 0, 'TWTR': -1, 'INTC': 1}"
2018-08-10,32.01,12.05,81.43,51.37,48.32,90.18,51.51,21.38,36.59,21.97,69.05,139.73,64.03,21.38,15.85,207.53,64.82,46.08,254.79,54.71,32.26,345.87,90.6,37.26,91.21,66.04,39.97,35.08,35.6,41.94,101.58,66.82,123.34,52.47,19.06,180.26,40.93,48.13,59.31,79.24,9.74,131.32,66.49,69.25,41.94,82.71,36.24,15.11,19.18,112.68,48.85,43.13,64.27,18.17,31.19,50.35,48.39,59.05,115.73,51.02,36.65,12.77,58.05,339.41,98.31,79.42,70.61,34.75,15.84,34.09,109.0,29.34,42.84,64.79,66.07,19.13,50.61,18.84,80.93,23.64,70.26,20.38,43.78,59.65,23.99,71.94,58.99,87.01,122.77,"{'TWTR': 0, 'JPM': -1, 'AAPL': 0, 'INTC': 0}"
2018-08-13,32.8,11.73,81.52,51.34,48.01,89.64,51.81,21.18,36.16,24.62,69.5,140.21,63.43,21.88,15.66,208.87,64.84,45.83,256.12,54.22,32.21,341.31,90.74,36.79,91.97,64.97,40.08,35.04,34.65,41.9,101.81,66.34,122.44,52.22,19.73,180.05,40.81,48.25,59.42,79.27,9.46,131.32,66.48,69.76,40.85,82.06,36.36,14.92,18.81,112.12,48.45,43.31,63.33,17.84,30.48,49.68,47.35,58.98,113.89,50.14,36.56,12.45,57.61,338.36,97.09,78.56,70.52,34.12,15.71,33.88,108.21,29.13,42.07,64.22,66.72,18.95,50.11,18.75,80.09,23.36,69.16,20.08,43.75,59.28,23.8,71.07,58.84,87.01,121.5,"{'GM': 0, 'TWTR': 0, 'BAC': 0, 'WFC': 0, 'JPM': 0, 'AAPL': 0, 'V': 0}"
2018-08-14,33.19,11.77,81.31,50.62,48.23,90.85,52.59,21.45,36.2,26.05,71.38,140.76,63.63,22.36,15.99,209.75,65.43,45.89,261.43,54.76,32.24,337.49,91.05,37.09,92.71,64.8,41.82,35.39,33.94,41.87,102.18,66.98,122.58,52.87,20.02,181.11,40.71,48.38,59.96,79.03,9.5,131.91,68.66,71.84,40.67,82.68,36.38,14.8,18.66,112.75,48.12,43.35,63.92,17.95,30.79,50.5,47.86,59.21,114.65,50.97,36.87,12.35,58.07,339.14,98.4,78.31,71.29,33.93,15.93,34.4,109.56,29.62,42.41,64.99,66.46,19.2,50.53,18.81,80.11,23.72,70.01,20.45,44.0,59.52,24.15,72.15,59.09,87.73,123.07,"{'TWTR': 1, 'WFC': 0, 'AAPL': 1, 'NVDA': 1, 'JPM': 0, 'BAC': 0, 'MSFT': 0, 'NFLX': 1, 'C': 0}"
2018-08-15,32.38,11.43,82.3,47.49,47.84,90.22,52.75,21.13,35.94,26.15,71.64,139.92,63.47,22.47,16.03,210.24,65.68,46.08,259.08,55.23,32.47,326.4,90.99,37.44,89.27,62.29,35.15,34.97,31.8,41.81,101.51,62.34,117.94,53.24,19.7,179.53,41.16,47.51,60.26,78.69,9.45,128.05,68.73,71.85,39.7,80.69,36.65,13.66,18.55,112.85,47.46,43.63,61.5,17.73,30.36,49.5,47.45,60.18,113.7,50.96,37.06,12.22,57.99,331.76,96.83,76.94,69.31,31.81,15.91,33.86,107.66,29.17,40.48,63.95,67.37,19.07,50.24,18.9,77.18,22.98,68.65,19.0,43.86,59.09,24.03,67.82,60.33,85.19,115.44,"{'BK': 0, 'WMT': 1, 'NFLX': 1, 'AAPL': 1}"
2018-08-16,32.83,11.48,83.69,47.1,48.1,98.64,53.04,21.61,36.29,26.61,73.2,140.65,64.16,23.33,16.27,213.32,65.76,46.22,257.44,55.45,33.09,322.44,91.1,38.16,90.15,62.49,35.81,35.66,31.6,42.11,102.65,62.31,117.66,54.27,19.33,174.7,41.42,47.43,61.11,78.92,9.51,129.71,69.62,71.96,39.77,82.07,37.07,13.77,19.41,112.48,47.17,44.33,62.74,17.82,30.72,49.77,48.3,60.83,114.77,51.52,37.18,12.3,58.66,345.98,97.68,78.0,69.69,31.58,16.0,33.77,107.64,29.84,40.68,65.06,68.85,19.4,51.13,18.86,76.69,23.5,69.56,19.32,45.16,60.03,24.14,69.41,59.52,85.32,115.91,"{'CSCO': 2, 'WMT': 2}"
2018-08-17,32.73,12.22,83.69,47.11,48.36,97.85,53.56,21.59,36.38,26.15,73.68,141.33,64.72,23.48,16.67,217.58,66.06,46.6,244.82,55.65,33.03,316.78,90.6,37.79,90.37,62.83,36.03,35.6,32.06,42.71,103.03,62.05,117.8,54.79,19.77,173.8,42.09,43.77,60.89,79.44,9.55,128.01,69.99,71.86,39.97,83.04,37.3,13.97,19.46,112.48,47.1,44.53,62.35,17.95,30.74,50.18,48.37,61.0,114.77,51.69,37.48,12.3,58.86,346.4,97.98,78.26,69.15,31.01,16.1,34.01,107.58,29.69,40.6,64.63,69.06,19.49,50.9,18.91,77.11,23.6,69.67,19.83,45.87,61.02,24.54,69.77,59.68,85.45,114.77,"{'NFLX': 0, 'AAPL': 0, 'WMT': 0, 'MS': -1, 'NVDA': -1, 'INTC': -1}"
2018-08-20,32.6,12.4,83.64,48.07,48.42,96.0,53.92,21.74,36.77,26.11,74.62,140.94,64.64,23.86,16.72,215.46,66.16,46.73,247.84,57.42,33.11,327.73,90.03,39.99,90.88,63.5,38.21,35.43,31.89,42.82,103.83,62.32,117.75,54.65,19.98,172.5,42.33,43.53,60.32,79.59,9.72,127.71,69.99,71.54,40.4,83.32,37.08,14.12,19.36,111.99,46.5,44.26,62.96,17.91,30.87,50.83,48.29,60.99,114.62,51.94,37.51,12.3,59.03,350.74,98.97,78.81,68.93,32.01,16.11,34.02,106.87,29.83,41.04,64.02,70.17,19.48,51.42,18.97,78.76,23.99,70.53,19.98,46.22,60.64,24.54,70.52,61.63,85.75,114.77,"{'JPM': -1, 'INTC': 0, 'BK': -1}"
2018-08-21,33.69,11.52,83.9,49.94,48.41,96.08,54.0,21.64,36.91,26.03,73.69,140.04,64.75,23.98,15.78,215.04,66.55,46.22,253.32,57.6,33.4,338.02,95.17,40.33,91.2,64.76,38.24,35.74,31.95,42.56,104.81,62.56,117.94,54.91,20.4,172.62,42.16,43.76,60.08,79.44,9.86,126.76,70.25,71.9,40.91,83.27,36.79,14.32,19.55,112.39,47.62,44.09,63.4,17.96,31.02,53.23,48.54,59.93,115.32,52.54,37.52,12.63,58.96,353.77,99.74,78.83,69.66,32.29,16.21,34.53,105.98,30.07,41.85,64.89,69.17,19.54,50.17,18.89,79.01,24.5,71.24,20.21,45.78,59.84,24.49,70.89,61.0,86.22,115.49,"{'MS': 1, 'MSFT': 1, 'XOM': 1}"
2018-08-22,33.81,11.72,83.39,50.24,48.8,95.67,52.82,21.53,36.13,25.96,73.91,141.14,65.67,22.42,15.82,215.05,66.84,45.93,262.82,56.91,32.68,344.44,95.58,39.19,90.64,65.09,37.55,35.48,32.32,42.26,105.83,63.57,118.92,54.14,20.9,173.64,42.07,42.99,60.57,79.66,9.69,127.62,69.64,72.03,41.2,85.94,36.55,14.53,19.7,111.94,47.05,43.93,65.19,18.28,30.98,52.88,48.6,59.32,114.97,52.5,37.22,12.47,59.17,350.03,105.52,79.96,71.43,32.52,16.21,34.7,107.06,29.75,42.71,64.02,69.04,19.53,50.93,18.97,80.21,24.46,71.12,20.87,45.99,59.55,24.49,72.0,60.61,86.95,117.32,"{'MSFT': 0, 'FB': 0, 'TWTR': 0, 'C': 0}"
2018-08-23,33.88,11.64,83.24,49.7,48.96,95.18,52.66,21.34,35.67,26.71,73.64,142.1,65.83,22.81,16.1,215.49,66.86,45.7,266.84,56.94,32.49,339.17,95.61,38.83,89.84,64.65,38.13,35.31,31.66,42.09,105.37,63.09,118.1,54.28,22.29,172.9,42.2,42.79,60.09,79.65,9.63,126.11,69.28,72.18,40.83,86.71,36.78,14.18,19.62,112.0,46.98,43.9,64.55,17.98,30.84,53.73,48.13,59.82,114.73,52.33,36.71,12.54,58.62,347.48,107.15,79.08,71.17,32.31,16.18,34.4,107.56,29.48,42.52,63.35,68.97,19.34,50.17,18.89,81.62,24.25,70.81,20.78,46.02,58.8,24.63,72.05,61.01,87.38,116.4,"{'AAPL': 0, 'XOM': 0, 'MSFT': 0, 'MS': 1, 'JPM': 0}"
2018-08-24,34.28,11.98,83.36,50.7,49.26,94.95,52.75,21.31,35.95,26.47,74.08,144.2,66.1,22.75,16.2,216.16,67.15,45.63,272.22,57.18,32.64,358.82,95.55,38.82,89.93,65.25,36.51,36.5,32.03,42.39,105.76,63.65,119.01,54.78,23.98,174.65,42.4,42.73,59.97,80.03,9.68,128.97,69.21,72.62,40.81,87.31,37.05,14.47,19.76,111.93,47.66,44.03,65.14,17.97,30.89,54.03,48.14,58.78,114.68,52.56,36.85,12.5,58.69,349.38,106.8,79.62,74.09,32.78,16.21,34.53,108.4,29.45,42.66,63.81,69.04,19.26,50.55,18.82,83.82,24.15,70.67,20.61,46.32,59.03,24.15,72.61,60.99,90.1,117.46,"{'FB': 0, 'BK': -1}"
2018-08-27,35.89,12.14,83.44,52.07,49.33,94.54,52.97,21.27,37.69,26.6,74.96,145.4,66.84,22.87,16.45,217.94,67.34,45.69,275.9,57.75,32.83,364.58,95.44,39.52,91.52,64.85,36.28,36.43,32.25,42.49,107.05,64.55,120.35,54.85,25.26,177.46,41.58,43.75,60.01,79.71,9.99,128.97,69.44,72.77,41.01,86.6,36.84,14.73,20.06,112.33,48.35,43.65,66.15,17.97,31.31,53.73,49.89,59.01,116.71,52.98,36.48,12.77,59.1,353.74,106.97,80.4,74.09,33.28,16.27,34.58,109.6,29.74,42.88,64.47,68.99,19.44,51.37,18.84,83.68,23.98,72.39,20.87,46.59,59.57,24.33,72.84,60.91,89.97,118.65,"{'GM': 0, 'PFE': 0, 'FB': 0, 'F': 0}"
2018-08-28,35.49,12.71,83.48,52.34,48.64,96.07,53.05,21.23,37.32,26.72,74.92,145.2,66.79,22.5,16.74,219.7,69.78,45.37,274.38,58.79,32.67,368.49,95.77,40.69,92.43,64.07,36.34,36.35,31.84,42.25,107.28,64.87,119.86,54.65,25.05,176.26,41.5,43.4,60.17,78.44,10.01,127.79,69.28,73.19,40.67,86.7,37.16,14.66,20.26,112.58,48.57,43.4,65.78,17.81,31.27,53.81,50.0,58.45,116.14,52.89,36.33,12.76,59.07,351.21,108.27,80.28,74.0,33.41,16.27,34.74,110.26,29.71,42.51,64.67,68.63,19.47,51.24,18.81,83.91,23.98,72.38,20.7,46.95,58.79,24.49,72.05,61.33,90.61,117.97,"{'MS': 0, 'PG': 0, 'TWTR': -1}"
2018-08-29,35.35,13.0,83.49,51.83,48.89,95.64,53.25,21.16,37.12,26.63,74.45,147.03,67.13,22.34,16.71,222.98,69.2,45.33,278.49,58.52,32.23,368.04,96.59,40.5,94.14,64.49,36.21,36.75,31.74,42.54,106.71,64.99,120.22,54.57,25.2,175.9,41.5,43.1,61.12,79.64,9.97,128.52,68.66,73.44,40.72,87.63,37.47,14.67,20.57,112.45,48.75,43.82,67.21,17.88,31.14,54.27,49.95,58.42,115.76,52.5,36.66,12.97,58.96,350.19,108.68,80.86,74.91,34.0,16.31,34.93,112.02,29.52,42.96,63.39,68.81,19.52,51.33,18.89,83.72,24.12,72.53,21.77,47.48,59.3,25.08,73.54,61.22,92.62,118.78,"{'AAPL': 0, 'MS': 0}"
2018-08-30,35.64,12.74,83.41,52.76,48.38,96.1,53.1,20.98,36.36,26.11,74.53,146.74,67.02,21.68,16.79,225.03,68.14,44.95,277.81,58.44,31.96,370.98,96.81,40.4,94.26,64.34,35.97,36.68,31.05,42.44,106.23,64.45,119.81,54.75,24.89,177.64,41.5,43.14,60.69,79.56,9.7,115.94,67.8,73.35,40.22,87.31,37.38,14.15,20.2,111.92,48.24,43.94,68.17,17.78,31.01,54.26,49.3,58.68,115.19,52.23,36.5,12.77,58.46,346.9,107.88,80.51,74.1,33.98,16.26,34.8,111.95,29.28,43.13,63.28,68.54,19.35,50.56,18.8,83.12,24.15,71.46,21.63,47.15,58.22,24.73,73.56,60.82,92.09,118.91,"{'AAPL': 0, 'NFLX': 0, 'MS': 0}"
2018-08-31,35.18,12.36,82.95,52.52,48.58,95.86,53.45,21.07,36.05,26.0,75.24,146.89,66.84,21.36,16.53,227.63,68.71,44.57,280.68,58.48,31.94,367.68,96.41,40.48,94.45,63.16,36.55,36.99,31.03,42.72,105.98,64.4,118.46,54.37,25.17,175.73,41.52,43.02,60.55,80.07,9.48,113.41,68.56,73.24,39.89,87.5,37.38,14.05,20.16,112.02,48.43,43.71,67.34,17.7,30.93,54.99,48.83,58.52,114.58,52.15,36.75,12.94,58.48,342.79,108.75,80.17,72.1,32.97,16.21,34.61,112.33,29.43,42.93,63.24,68.59,19.46,50.79,18.92,82.29,23.83,71.24,21.51,47.77,58.27,24.65,73.43,61.3,92.33,118.23,"{'AAPL': 0, 'SBUX': 0, 'MS': 0, 'C': 0, 'JPM': 0, 'GE': 0}"
